{"cameraMode":{"drawMode":0,"name":"Shaded","section":"Shading Mode"},"sceneLighting":true,"audioPlay":false,"sceneViewState":{"showFog":true,"showMaterialUpdate":false,"showSkybox":true,"showFlares":true,"showImageEffects":true,"showParticleSystems":true},"in2DMode":false,"pivot":{"x":-0.11898306012153626,"y":8.323121070861817,"z":0.45774173736572268},"rotation":{"x":-0.18806344270706178,"y":-0.017024220898747445,"z":0.0032385983504354955,"w":-0.9820279479026794},"size":7.39091157913208,"orthographic":false}