{"cameraMode":{"drawMode":0,"name":"Shaded","section":"Shading Mode"},"sceneLighting":false,"audioPlay":false,"sceneViewState":{"showFog":true,"showMaterialUpdate":false,"showSkybox":false,"showFlares":true,"showImageEffects":true,"showParticleSystems":true},"in2DMode":false,"pivot":{"x":-0.07591841369867325,"y":17.26490592956543,"z":-17.988000869750978},"rotation":{"x":-0.3993716835975647,"y":-0.039275720715522769,"z":0.01705121621489525,"w":-0.9158250689506531},"size":8.813797950744629,"orthographic":false}