{"cameraMode":{"drawMode":0,"name":"Shaded","section":"Shading Mode"},"sceneLighting":true,"audioPlay":false,"sceneViewState":{"showFog":true,"showMaterialUpdate":false,"showSkybox":true,"showFlares":true,"showImageEffects":true,"showParticleSystems":true},"in2DMode":false,"pivot":{"x":63.875675201416019,"y":-63.16746520996094,"z":104.49612426757813},"rotation":{"x":-0.20192043483257295,"y":-0.33260998129844668,"z":0.07280311733484268,"w":-0.9184022545814514},"size":166.62245178222657,"orthographic":false}